scenario,problem,optic_status,optic_validation,optic_elapsed,optic_plan_path,optic_log_path,optic_notes
grippers,grippers-n1-r10-o8-s8001.pddl,solved,valid,0.053,Safety-gen/runs/benchmark/optic/grippers_20260205_114054/grippers/optic_results/grippers-n1-r10-o8-s8001.plan,Safety-gen/runs/benchmark/optic/grippers_20260205_114054/grippers/optic_results/logs/grippers-n1-r10-o8-s8001.stderr,
grippers,grippers-n1-r11-o9-s9001.pddl,solved,valid,0.081,Safety-gen/runs/benchmark/optic/grippers_20260205_114054/grippers/optic_results/grippers-n1-r11-o9-s9001.plan,Safety-gen/runs/benchmark/optic/grippers_20260205_114054/grippers/optic_results/logs/grippers-n1-r11-o9-s9001.stderr,
grippers,grippers-n1-r5-o3-s3001.pddl,solved,valid,0.044,Safety-gen/runs/benchmark/optic/grippers_20260205_114054/grippers/optic_results/grippers-n1-r5-o3-s3001.plan,Safety-gen/runs/benchmark/optic/grippers_20260205_114054/grippers/optic_results/logs/grippers-n1-r5-o3-s3001.stderr,
grippers,grippers-n1-r6-o4-s4001.pddl,solved,valid,0.043,Safety-gen/runs/benchmark/optic/grippers_20260205_114054/grippers/optic_results/grippers-n1-r6-o4-s4001.plan,Safety-gen/runs/benchmark/optic/grippers_20260205_114054/grippers/optic_results/logs/grippers-n1-r6-o4-s4001.stderr,
grippers,grippers-n1-r7-o5-s5001.pddl,solved,valid,0.044,Safety-gen/runs/benchmark/optic/grippers_20260205_114054/grippers/optic_results/grippers-n1-r7-o5-s5001.plan,Safety-gen/runs/benchmark/optic/grippers_20260205_114054/grippers/optic_results/logs/grippers-n1-r7-o5-s5001.stderr,
grippers,grippers-n1-r8-o6-s6001.pddl,solved,valid,0.043,Safety-gen/runs/benchmark/optic/grippers_20260205_114054/grippers/optic_results/grippers-n1-r8-o6-s6001.plan,Safety-gen/runs/benchmark/optic/grippers_20260205_114054/grippers/optic_results/logs/grippers-n1-r8-o6-s6001.stderr,
grippers,grippers-n1-r9-o7-s7001.pddl,solved,valid,0.043,Safety-gen/runs/benchmark/optic/grippers_20260205_114054/grippers/optic_results/grippers-n1-r9-o7-s7001.plan,Safety-gen/runs/benchmark/optic/grippers_20260205_114054/grippers/optic_results/logs/grippers-n1-r9-o7-s7001.stderr,
grippers,grippers-n2-r12-o10-s10001.pddl,solved,valid,0.208,Safety-gen/runs/benchmark/optic/grippers_20260205_114054/grippers/optic_results/grippers-n2-r12-o10-s10001.plan,Safety-gen/runs/benchmark/optic/grippers_20260205_114054/grippers/optic_results/logs/grippers-n2-r12-o10-s10001.stderr,
grippers,grippers-n2-r13-o11-s11001.pddl,solved,valid,0.551,Safety-gen/runs/benchmark/optic/grippers_20260205_114054/grippers/optic_results/grippers-n2-r13-o11-s11001.plan,Safety-gen/runs/benchmark/optic/grippers_20260205_114054/grippers/optic_results/logs/grippers-n2-r13-o11-s11001.stderr,
grippers,grippers-n2-r14-o12-s12001.pddl,solved,valid,0.742,Safety-gen/runs/benchmark/optic/grippers_20260205_114054/grippers/optic_results/grippers-n2-r14-o12-s12001.plan,Safety-gen/runs/benchmark/optic/grippers_20260205_114054/grippers/optic_results/logs/grippers-n2-r14-o12-s12001.stderr,
grippers,grippers-n2-r15-o13-s13001.pddl,solved,valid,0.507,Safety-gen/runs/benchmark/optic/grippers_20260205_114054/grippers/optic_results/grippers-n2-r15-o13-s13001.plan,Safety-gen/runs/benchmark/optic/grippers_20260205_114054/grippers/optic_results/logs/grippers-n2-r15-o13-s13001.stderr,
grippers,grippers-n2-r16-o14-s14001.pddl,solved,valid,1.282,Safety-gen/runs/benchmark/optic/grippers_20260205_114054/grippers/optic_results/grippers-n2-r16-o14-s14001.plan,Safety-gen/runs/benchmark/optic/grippers_20260205_114054/grippers/optic_results/logs/grippers-n2-r16-o14-s14001.stderr,
grippers,grippers-n2-r17-o15-s15001.pddl,solved,valid,0.961,Safety-gen/runs/benchmark/optic/grippers_20260205_114054/grippers/optic_results/grippers-n2-r17-o15-s15001.plan,Safety-gen/runs/benchmark/optic/grippers_20260205_114054/grippers/optic_results/logs/grippers-n2-r17-o15-s15001.stderr,
grippers,grippers-n2-r18-o16-s16001.pddl,solved,valid,1.706,Safety-gen/runs/benchmark/optic/grippers_20260205_114054/grippers/optic_results/grippers-n2-r18-o16-s16001.plan,Safety-gen/runs/benchmark/optic/grippers_20260205_114054/grippers/optic_results/logs/grippers-n2-r18-o16-s16001.stderr,
grippers,grippers-n2-r19-o17-s17001.pddl,solved,valid,3.302,Safety-gen/runs/benchmark/optic/grippers_20260205_114054/grippers/optic_results/grippers-n2-r19-o17-s17001.plan,Safety-gen/runs/benchmark/optic/grippers_20260205_114054/grippers/optic_results/logs/grippers-n2-r19-o17-s17001.stderr,
grippers,grippers-n2-r20-o18-s18001.pddl,solved,valid,6.967,Safety-gen/runs/benchmark/optic/grippers_20260205_114054/grippers/optic_results/grippers-n2-r20-o18-s18001.plan,Safety-gen/runs/benchmark/optic/grippers_20260205_114054/grippers/optic_results/logs/grippers-n2-r20-o18-s18001.stderr,
grippers,grippers-n2-r21-o19-s19001.pddl,solved,valid,2.637,Safety-gen/runs/benchmark/optic/grippers_20260205_114054/grippers/optic_results/grippers-n2-r21-o19-s19001.plan,Safety-gen/runs/benchmark/optic/grippers_20260205_114054/grippers/optic_results/logs/grippers-n2-r21-o19-s19001.stderr,
grippers,grippers-n3-r22-o20-s20001.pddl,solved,valid,17.237,Safety-gen/runs/benchmark/optic/grippers_20260205_114054/grippers/optic_results/grippers-n3-r22-o20-s20001.plan,Safety-gen/runs/benchmark/optic/grippers_20260205_114054/grippers/optic_results/logs/grippers-n3-r22-o20-s20001.stderr,
grippers,grippers-n3-r23-o21-s21001.pddl,solved,valid,21.598,Safety-gen/runs/benchmark/optic/grippers_20260205_114054/grippers/optic_results/grippers-n3-r23-o21-s21001.plan,Safety-gen/runs/benchmark/optic/grippers_20260205_114054/grippers/optic_results/logs/grippers-n3-r23-o21-s21001.stderr,
grippers,grippers-n3-r24-o22-s22001.pddl,solved,valid,82.395,Safety-gen/runs/benchmark/optic/grippers_20260205_114054/grippers/optic_results/grippers-n3-r24-o22-s22001.plan,Safety-gen/runs/benchmark/optic/grippers_20260205_114054/grippers/optic_results/logs/grippers-n3-r24-o22-s22001.stderr,
grippers,grippers-n3-r25-o23-s23001.pddl,solved,valid,82.301,Safety-gen/runs/benchmark/optic/grippers_20260205_114054/grippers/optic_results/grippers-n3-r25-o23-s23001.plan,Safety-gen/runs/benchmark/optic/grippers_20260205_114054/grippers/optic_results/logs/grippers-n3-r25-o23-s23001.stderr,
grippers,grippers-n3-r26-o24-s24001.pddl,solved,valid,121.547,Safety-gen/runs/benchmark/optic/grippers_20260205_114054/grippers/optic_results/grippers-n3-r26-o24-s24001.plan,Safety-gen/runs/benchmark/optic/grippers_20260205_114054/grippers/optic_results/logs/grippers-n3-r26-o24-s24001.stderr,
grippers,grippers-n3-r27-o25-s25001.pddl,solved,valid,144.595,Safety-gen/runs/benchmark/optic/grippers_20260205_114054/grippers/optic_results/grippers-n3-r27-o25-s25001.plan,Safety-gen/runs/benchmark/optic/grippers_20260205_114054/grippers/optic_results/logs/grippers-n3-r27-o25-s25001.stderr,
grippers,grippers-n3-r28-o26-s26001.pddl,solved,valid,92.500,Safety-gen/runs/benchmark/optic/grippers_20260205_114054/grippers/optic_results/grippers-n3-r28-o26-s26001.plan,Safety-gen/runs/benchmark/optic/grippers_20260205_114054/grippers/optic_results/logs/grippers-n3-r28-o26-s26001.stderr,
grippers,grippers-n3-r29-o27-s27001.pddl,solved,valid,106.202,Safety-gen/runs/benchmark/optic/grippers_20260205_114054/grippers/optic_results/grippers-n3-r29-o27-s27001.plan,Safety-gen/runs/benchmark/optic/grippers_20260205_114054/grippers/optic_results/logs/grippers-n3-r29-o27-s27001.stderr,
grippers,grippers-n3-r30-o28-s28001.pddl,solved,valid,231.540,Safety-gen/runs/benchmark/optic/grippers_20260205_114054/grippers/optic_results/grippers-n3-r30-o28-s28001.plan,Safety-gen/runs/benchmark/optic/grippers_20260205_114054/grippers/optic_results/logs/grippers-n3-r30-o28-s28001.stderr,
grippers,grippers-n3-r31-o29-s29001.pddl,solved,valid,115.604,Safety-gen/runs/benchmark/optic/grippers_20260205_114054/grippers/optic_results/grippers-n3-r31-o29-s29001.plan,Safety-gen/runs/benchmark/optic/grippers_20260205_114054/grippers/optic_results/logs/grippers-n3-r31-o29-s29001.stderr,
grippers,grippers-n3-r32-o30-s30001.pddl,solved,valid,225.368,Safety-gen/runs/benchmark/optic/grippers_20260205_114054/grippers/optic_results/grippers-n3-r32-o30-s30001.plan,Safety-gen/runs/benchmark/optic/grippers_20260205_114054/grippers/optic_results/logs/grippers-n3-r32-o30-s30001.stderr,
grippers,grippers-n3-r33-o31-s31001.pddl,solved,valid,262.637,Safety-gen/runs/benchmark/optic/grippers_20260205_114054/grippers/optic_results/grippers-n3-r33-o31-s31001.plan,Safety-gen/runs/benchmark/optic/grippers_20260205_114054/grippers/optic_results/logs/grippers-n3-r33-o31-s31001.stderr,
grippers,grippers-n3-r34-o32-s32001.pddl,solved,valid,173.223,Safety-gen/runs/benchmark/optic/grippers_20260205_114054/grippers/optic_results/grippers-n3-r34-o32-s32001.plan,Safety-gen/runs/benchmark/optic/grippers_20260205_114054/grippers/optic_results/logs/grippers-n3-r34-o32-s32001.stderr,
grippers,grippers-n3-r35-o33-s33001.pddl,timeout,,timeout,,Safety-gen/runs/benchmark/optic/grippers_20260205_114054/grippers/optic_results/logs/grippers-n3-r35-o33-s33001.stderr,
grippers,grippers-n3-r36-o34-s34001.pddl,timeout,,timeout,,Safety-gen/runs/benchmark/optic/grippers_20260205_114054/grippers/optic_results/logs/grippers-n3-r36-o34-s34001.stderr,
grippers,grippers-n3-r37-o35-s35001.pddl,solved,valid,256.701,Safety-gen/runs/benchmark/optic/grippers_20260205_114054/grippers/optic_results/grippers-n3-r37-o35-s35001.plan,Safety-gen/runs/benchmark/optic/grippers_20260205_114054/grippers/optic_results/logs/grippers-n3-r37-o35-s35001.stderr,
grippers,grippers-n3-r38-o36-s36001.pddl,timeout,,timeout,,Safety-gen/runs/benchmark/optic/grippers_20260205_114054/grippers/optic_results/logs/grippers-n3-r38-o36-s36001.stderr,
grippers,grippers-n3-r39-o37-s37001.pddl,timeout,,timeout,,Safety-gen/runs/benchmark/optic/grippers_20260205_114054/grippers/optic_results/logs/grippers-n3-r39-o37-s37001.stderr,
grippers,grippers-n3-r40-o38-s38001.pddl,timeout,,timeout,,Safety-gen/runs/benchmark/optic/grippers_20260205_114054/grippers/optic_results/logs/grippers-n3-r40-o38-s38001.stderr,
grippers,grippers-n3-r41-o39-s39001.pddl,timeout,,timeout,,Safety-gen/runs/benchmark/optic/grippers_20260205_114054/grippers/optic_results/logs/grippers-n3-r41-o39-s39001.stderr,
grippers,grippers-n3-r42-o40-s40001.pddl,timeout,,timeout,,Safety-gen/runs/benchmark/optic/grippers_20260205_114054/grippers/optic_results/logs/grippers-n3-r42-o40-s40001.stderr,
grippers,grippers-n3-r43-o41-s41001.pddl,timeout,,timeout,,Safety-gen/runs/benchmark/optic/grippers_20260205_114054/grippers/optic_results/logs/grippers-n3-r43-o41-s41001.stderr,
grippers,grippers-n3-r44-o42-s42001.pddl,timeout,,timeout,,Safety-gen/runs/benchmark/optic/grippers_20260205_114054/grippers/optic_results/logs/grippers-n3-r44-o42-s42001.stderr,
grippers,grippers-n3-r45-o43-s43001.pddl,timeout,,timeout,,Safety-gen/runs/benchmark/optic/grippers_20260205_114054/grippers/optic_results/logs/grippers-n3-r45-o43-s43001.stderr,
grippers,grippers-n3-r46-o44-s44001.pddl,timeout,,timeout,,Safety-gen/runs/benchmark/optic/grippers_20260205_114054/grippers/optic_results/logs/grippers-n3-r46-o44-s44001.stderr,
grippers,grippers-n3-r47-o45-s45001.pddl,timeout,,timeout,,Safety-gen/runs/benchmark/optic/grippers_20260205_114054/grippers/optic_results/logs/grippers-n3-r47-o45-s45001.stderr,
grippers,grippers-n3-r48-o46-s46001.pddl,timeout,,timeout,,Safety-gen/runs/benchmark/optic/grippers_20260205_114054/grippers/optic_results/logs/grippers-n3-r48-o46-s46001.stderr,
grippers,grippers-n3-r49-o47-s47001.pddl,timeout,,timeout,,Safety-gen/runs/benchmark/optic/grippers_20260205_114054/grippers/optic_results/logs/grippers-n3-r49-o47-s47001.stderr,
grippers,grippers-n3-r50-o48-s48001.pddl,timeout,,timeout,,Safety-gen/runs/benchmark/optic/grippers_20260205_114054/grippers/optic_results/logs/grippers-n3-r50-o48-s48001.stderr,
grippers,grippers-n3-r51-o49-s49001.pddl,timeout,,timeout,,Safety-gen/runs/benchmark/optic/grippers_20260205_114054/grippers/optic_results/logs/grippers-n3-r51-o49-s49001.stderr,
grippers,grippers-n3-r52-o50-s50001.pddl,timeout,,timeout,,Safety-gen/runs/benchmark/optic/grippers_20260205_114054/grippers/optic_results/logs/grippers-n3-r52-o50-s50001.stderr,
